{
    "id": 0,
    "img_name": "00001",
    "width": 512,
    "height": 512,
    "position": [
        -0.01534894, -0.00555787,  1.5869375
    ],
    "rotation": [
        [ 0.9992857 , -0.02804374,  0.02533019],
        [-0.02880082, -0.9991339 ,  0.03003524],
        [ 0.02446595, -0.03074332, -0.9992279 ]
    ],
    "fy": 237,
    "fx": 237
}